{
    "intrinsicMatrix": {
        "e00": 1606.4742431640625,
        "e01": 0.0,
        "e02": 958.2552490234375,
        "e03": 0.0,
        "e10": 0.0,
        "e11": 1606.4742431640625,
        "e12": 721.1070556640625,
        "e13": 0.0,
        "e20": 0.0,
        "e21": 0.0,
        "e22": 1.0,
        "e23": 0.0,
        "e30": 0.0,
        "e31": 0.0,
        "e32": 0.0,
        "e33": 1.0
    },
    "projectionMatrix": {
        "e00": 1.6734106540679932,
        "e01": 0.0,
        "e02": 0.0012966394424438477,
        "e03": 0.0,
        "e10": 0.0,
        "e11": 2.3957462310791017,
        "e12": 0.0023966431617736818,
        "e13": 0.0,
        "e20": 0.0,
        "e21": 0.0,
        "e22": -1.0100502967834473,
        "e23": -0.2010050266981125,
        "e30": 0.0,
        "e31": 0.0,
        "e32": -1.0,
        "e33": 0.0
    },
    "focalLengthX": 1606.4742431640625,
    "focalLengthY": 1606.4742431640625,
    "principalPointX": 958.2552490234375,
    "principalPointY": 721.1070556640625,
    "position": {
        "x": -0.23505547642707826,
        "y": 0.4182930290699005,
        "z": 0.9931333065032959
    },
    "rotation": {
        "x": -0.009038977324962616,
        "y": 0.17253826558589936,
        "z": -0.006238813512027264,
        "w": -0.9849416017532349
    },
    "scale": {
        "x": 1.0,
        "y": 1.0,
        "z": 1.0
    },
    "viewMatrix": {
        "e00": 0.94038325548172,
        "e01": 0.009170594625175,
        "e02": 0.3399930000305176,
        "e03": -0.1204521507024765,
        "e10": -0.015408872626721859,
        "e11": 0.9997587203979492,
        "e12": 0.015652861446142198,
        "e13": -0.43735939264297488,
        "e20": 0.3397674560546875,
        "e21": 0.01995859667658806,
        "e22": -0.9402976632118225,
        "e23": 1.0053565502166749,
        "e30": 0.0,
        "e31": 0.0,
        "e32": 0.0,
        "e33": 1.0
    },
    "screenResolution": {
        "x": 1920,
        "y": 1440
    },
    "fieldOfView": 45.311946868896487,
    "aspectRatio": 1.431654691696167,
    "nearClipPlane": 0.10000000149011612,
    "farClipPlane": 20.0,
    "isOrthographic": false,
    "depth": 0.0,
    "clearFlags": 4,
    "cullingMask": -1,
    "viewportRect": {
        "serializedVersion": "2",
        "x": 0.0,
        "y": 0.0,
        "width": 1.0,
        "height": 1.0
    }
}