{
    "intrinsicMatrix": {
        "e00": 1603.3109130859375,
        "e01": 0.0,
        "e02": 958.06640625,
        "e03": 0.0,
        "e10": 0.0,
        "e11": 1603.3109130859375,
        "e12": 721.1253051757813,
        "e13": 0.0,
        "e20": 0.0,
        "e21": 0.0,
        "e22": 1.0,
        "e23": 0.0,
        "e30": 0.0,
        "e31": 0.0,
        "e32": 0.0,
        "e33": 1.0
    },
    "projectionMatrix": {
        "e00": 1.6701154708862305,
        "e01": 0.0,
        "e02": 0.0014933943748474122,
        "e03": 0.0,
        "e10": 0.0,
        "e11": 2.391028642654419,
        "e12": 0.0024238228797912599,
        "e13": 0.0,
        "e20": 0.0,
        "e21": 0.0,
        "e22": -1.0100502967834473,
        "e23": -0.2010050266981125,
        "e30": 0.0,
        "e31": 0.0,
        "e32": -1.0,
        "e33": 0.0
    },
    "focalLengthX": 1603.3109130859375,
    "focalLengthY": 1603.3109130859375,
    "principalPointX": 958.06640625,
    "principalPointY": 721.1253051757813,
    "position": {
        "x": 0.6196242570877075,
        "y": 0.3512102961540222,
        "z": 0.9319725036621094
    },
    "rotation": {
        "x": -0.09157261997461319,
        "y": 0.22762376070022584,
        "z": -0.00837604608386755,
        "w": -0.9693976044654846
    },
    "scale": {
        "x": 1.0,
        "y": 1.0,
        "z": 1.0
    },
    "viewMatrix": {
        "e00": 0.8962345123291016,
        "e01": -0.025448769330978395,
        "e02": 0.44284990429878237,
        "e03": -0.9591147303581238,
        "e10": -0.05792764574289322,
        "e11": 0.9830886125564575,
        "e12": 0.1737273782491684,
        "e13": -0.4712865948677063,
        "e20": 0.4397818148136139,
        "e21": 0.18135373294353486,
        "e22": -0.8796037435531616,
        "e23": 0.4835737645626068,
        "e30": 0.0,
        "e31": 0.0,
        "e32": 0.0,
        "e33": 1.0
    },
    "screenResolution": {
        "x": 1920,
        "y": 1440
    },
    "fieldOfView": 45.39229202270508,
    "aspectRatio": 1.431654691696167,
    "nearClipPlane": 0.10000000149011612,
    "farClipPlane": 20.0,
    "isOrthographic": false,
    "depth": 0.0,
    "clearFlags": 4,
    "cullingMask": -1,
    "viewportRect": {
        "serializedVersion": "2",
        "x": 0.0,
        "y": 0.0,
        "width": 1.0,
        "height": 1.0
    }
}