{
    "intrinsicMatrix": {
        "e00": 1603.3109130859375,
        "e01": 0.0,
        "e02": 958.0237426757813,
        "e03": 0.0,
        "e10": 0.0,
        "e11": 1603.3109130859375,
        "e12": 721.1209106445313,
        "e13": 0.0,
        "e20": 0.0,
        "e21": 0.0,
        "e22": 1.0,
        "e23": 0.0,
        "e30": 0.0,
        "e31": 0.0,
        "e32": 0.0,
        "e33": 1.0
    },
    "projectionMatrix": {
        "e00": 1.6701154708862305,
        "e01": 0.0,
        "e02": 0.0015377402305603028,
        "e03": 0.0,
        "e10": 0.0,
        "e11": 2.391028642654419,
        "e12": 0.002417266368865967,
        "e13": 0.0,
        "e20": 0.0,
        "e21": 0.0,
        "e22": -1.0100502967834473,
        "e23": -0.2010050266981125,
        "e30": 0.0,
        "e31": 0.0,
        "e32": -1.0,
        "e33": 0.0
    },
    "focalLengthX": 1603.3109130859375,
    "focalLengthY": 1603.3109130859375,
    "principalPointX": 958.0237426757813,
    "principalPointY": 721.1209106445313,
    "position": {
        "x": 0.04743007943034172,
        "y": 0.3926782011985779,
        "z": 0.9003263115882874
    },
    "rotation": {
        "x": -0.07970572263002396,
        "y": -0.12778803706169129,
        "z": 0.0344424806535244,
        "w": -0.9879934191703796
    },
    "scale": {
        "x": 1.0,
        "y": 1.0,
        "z": 1.0
    },
    "viewMatrix": {
        "e00": 0.9649678468704224,
        "e01": -0.04768700897693634,
        "e02": -0.257997989654541,
        "e03": 0.20523953437805177,
        "e10": 0.08842876553535462,
        "e11": 0.9849214553833008,
        "e12": 0.14869479835033418,
        "e13": -0.5248252153396606,
        "e20": -0.24701695144176484,
        "e21": 0.16630013287067414,
        "e22": -0.954634428024292,
        "e23": 0.8058960437774658,
        "e30": 0.0,
        "e31": 0.0,
        "e32": 0.0,
        "e33": 1.0
    },
    "screenResolution": {
        "x": 1920,
        "y": 1440
    },
    "fieldOfView": 45.39229202270508,
    "aspectRatio": 1.431654691696167,
    "nearClipPlane": 0.10000000149011612,
    "farClipPlane": 20.0,
    "isOrthographic": false,
    "depth": 0.0,
    "clearFlags": 4,
    "cullingMask": -1,
    "viewportRect": {
        "serializedVersion": "2",
        "x": 0.0,
        "y": 0.0,
        "width": 1.0,
        "height": 1.0
    }
}