{
    "intrinsicMatrix": {
        "e00": 1600.5994873046875,
        "e01": 0.0,
        "e02": 957.8895874023438,
        "e03": 0.0,
        "e10": 0.0,
        "e11": 1600.5994873046875,
        "e12": 721.3715209960938,
        "e13": 0.0,
        "e20": 0.0,
        "e21": 0.0,
        "e22": 1.0,
        "e23": 0.0,
        "e30": 0.0,
        "e31": 0.0,
        "e32": 0.0,
        "e33": 1.0
    },
    "projectionMatrix": {
        "e00": 1.6672911643981934,
        "e01": 0.0,
        "e02": 0.0016775131225585938,
        "e03": 0.0,
        "e10": 0.0,
        "e11": 2.3869850635528566,
        "e12": 0.002790987491607666,
        "e13": 0.0,
        "e20": 0.0,
        "e21": 0.0,
        "e22": -1.0100502967834473,
        "e23": -0.2010050266981125,
        "e30": 0.0,
        "e31": 0.0,
        "e32": -1.0,
        "e33": 0.0
    },
    "focalLengthX": 1600.5994873046875,
    "focalLengthY": 1600.5994873046875,
    "principalPointX": 957.8895874023438,
    "principalPointY": 721.3715209960938,
    "position": {
        "x": 0.05309297516942024,
        "y": 0.12289530038833618,
        "z": 1.0693323612213135
    },
    "rotation": {
        "x": -0.3118932545185089,
        "y": -0.12488715350627899,
        "z": 0.04649585857987404,
        "w": -0.9407252669334412
    },
    "scale": {
        "x": 1.0,
        "y": 1.0,
        "z": 1.0
    },
    "viewMatrix": {
        "e00": 0.9644826650619507,
        "e01": -0.009576737880706787,
        "e02": -0.2639724910259247,
        "e03": 0.23224399983882905,
        "e10": 0.16538257896900178,
        "e11": 0.8011214733123779,
        "e12": 0.575198233127594,
        "e13": -0.7223128080368042,
        "e20": -0.20596551895141602,
        "e21": 0.5984252095222473,
        "e22": -0.7742515802383423,
        "e23": 0.7653239369392395,
        "e30": 0.0,
        "e31": 0.0,
        "e32": 0.0,
        "e33": 1.0
    },
    "screenResolution": {
        "x": 1920,
        "y": 1440
    },
    "fieldOfView": 45.46137237548828,
    "aspectRatio": 1.431654691696167,
    "nearClipPlane": 0.10000000149011612,
    "farClipPlane": 20.0,
    "isOrthographic": false,
    "depth": 0.0,
    "clearFlags": 4,
    "cullingMask": -1,
    "viewportRect": {
        "serializedVersion": "2",
        "x": 0.0,
        "y": 0.0,
        "width": 1.0,
        "height": 1.0
    }
}