{
    "intrinsicMatrix": {
        "e00": 1600.5994873046875,
        "e01": 0.0,
        "e02": 957.9417724609375,
        "e03": 0.0,
        "e10": 0.0,
        "e11": 1600.5994873046875,
        "e12": 721.5298461914063,
        "e13": 0.0,
        "e20": 0.0,
        "e21": 0.0,
        "e22": 1.0,
        "e23": 0.0,
        "e30": 0.0,
        "e31": 0.0,
        "e32": 0.0,
        "e33": 1.0
    },
    "projectionMatrix": {
        "e00": 1.6672911643981934,
        "e01": 0.0,
        "e02": 0.0016230940818786622,
        "e03": 0.0,
        "e10": 0.0,
        "e11": 2.3869850635528566,
        "e12": 0.0030270814895629884,
        "e13": 0.0,
        "e20": 0.0,
        "e21": 0.0,
        "e22": -1.0100502967834473,
        "e23": -0.2010050266981125,
        "e30": 0.0,
        "e31": 0.0,
        "e32": -1.0,
        "e33": 0.0
    },
    "focalLengthX": 1600.5994873046875,
    "focalLengthY": 1600.5994873046875,
    "principalPointX": 957.9417724609375,
    "principalPointY": 721.5298461914063,
    "position": {
        "x": 1.7701081037521363,
        "y": 0.14750821888446809,
        "z": 0.5356096625328064
    },
    "rotation": {
        "x": -0.29186075925827029,
        "y": -0.6558244228363037,
        "z": 0.2658511698246002,
        "w": -0.643455445766449
    },
    "scale": {
        "x": 1.0,
        "y": 1.0,
        "z": 1.0
    },
    "viewMatrix": {
        "e00": -0.001565098762512207,
        "e01": 0.04069206118583679,
        "e02": -0.9991706609725952,
        "e03": 0.5319334268569946,
        "e10": 0.7249455451965332,
        "e11": 0.6882809400558472,
        "e12": 0.02689540386199951,
        "e13": -1.3991645574569703,
        "e20": -0.6888045072555542,
        "e21": 0.7243021726608276,
        "e22": 0.03057682514190674,
        "e23": 1.0960407257080079,
        "e30": 0.0,
        "e31": 0.0,
        "e32": 0.0,
        "e33": 1.0
    },
    "screenResolution": {
        "x": 1920,
        "y": 1440
    },
    "fieldOfView": 45.46137237548828,
    "aspectRatio": 1.431654691696167,
    "nearClipPlane": 0.10000000149011612,
    "farClipPlane": 20.0,
    "isOrthographic": false,
    "depth": 0.0,
    "clearFlags": 4,
    "cullingMask": -1,
    "viewportRect": {
        "serializedVersion": "2",
        "x": 0.0,
        "y": 0.0,
        "width": 1.0,
        "height": 1.0
    }
}