{
    "intrinsicMatrix": {
        "e00": 1601.9552001953125,
        "e01": 0.0,
        "e02": 957.839599609375,
        "e03": 0.0,
        "e10": 0.0,
        "e11": 1601.9552001953125,
        "e12": 721.606689453125,
        "e13": 0.0,
        "e20": 0.0,
        "e21": 0.0,
        "e22": 1.0,
        "e23": 0.0,
        "e30": 0.0,
        "e31": 0.0,
        "e32": 0.0,
        "e33": 1.0
    },
    "projectionMatrix": {
        "e00": 1.668703317642212,
        "e01": 0.0,
        "e02": 0.0017295479774475098,
        "e03": 0.0,
        "e10": 0.0,
        "e11": 2.3890068531036379,
        "e12": 0.0031417012214660646,
        "e13": 0.0,
        "e20": 0.0,
        "e21": 0.0,
        "e22": -1.0100502967834473,
        "e23": -0.2010050266981125,
        "e30": 0.0,
        "e31": 0.0,
        "e32": -1.0,
        "e33": 0.0
    },
    "focalLengthX": 1601.9552001953125,
    "focalLengthY": 1601.9552001953125,
    "principalPointX": 957.839599609375,
    "principalPointY": 721.606689453125,
    "position": {
        "x": 2.695024251937866,
        "y": 0.055317725986242297,
        "z": 0.6803596019744873
    },
    "rotation": {
        "x": 0.1861623227596283,
        "y": 0.8167206645011902,
        "z": -0.3912850320339203,
        "w": 0.3810603618621826
    },
    "scale": {
        "x": 1.0,
        "y": 1.0,
        "z": 1.0
    },
    "viewMatrix": {
        "e00": -0.6402733325958252,
        "e01": 0.005878806114196777,
        "e02": -0.7681248188018799,
        "e03": 2.2478280067443849,
        "e10": 0.6022916436195374,
        "e11": 0.6244792342185974,
        "e12": -0.49726298451423647,
        "e13": -1.3194177150726319,
        "e20": -0.47675466537475588,
        "e21": 0.7810193300247192,
        "e22": 0.40337812900543215,
        "e23": 0.9672189950942993,
        "e30": 0.0,
        "e31": 0.0,
        "e32": 0.0,
        "e33": 1.0
    },
    "screenResolution": {
        "x": 1920,
        "y": 1440
    },
    "fieldOfView": 45.42681121826172,
    "aspectRatio": 1.431654691696167,
    "nearClipPlane": 0.10000000149011612,
    "farClipPlane": 20.0,
    "isOrthographic": false,
    "depth": 0.0,
    "clearFlags": 4,
    "cullingMask": -1,
    "viewportRect": {
        "serializedVersion": "2",
        "x": 0.0,
        "y": 0.0,
        "width": 1.0,
        "height": 1.0
    }
}