{
    "intrinsicMatrix": {
        "e00": 1606.0223388671875,
        "e01": 0.0,
        "e02": 958.1405029296875,
        "e03": 0.0,
        "e10": 0.0,
        "e11": 1606.0223388671875,
        "e12": 721.1047973632813,
        "e13": 0.0,
        "e20": 0.0,
        "e21": 0.0,
        "e22": 1.0,
        "e23": 0.0,
        "e30": 0.0,
        "e31": 0.0,
        "e32": 0.0,
        "e33": 1.0
    },
    "projectionMatrix": {
        "e00": 1.6729398965835572,
        "e01": 0.0,
        "e02": 0.0014162063598632813,
        "e03": 0.0,
        "e10": 0.0,
        "e11": 2.3950722217559816,
        "e12": 0.0023932456970214845,
        "e13": 0.0,
        "e20": 0.0,
        "e21": 0.0,
        "e22": -1.0100502967834473,
        "e23": -0.2010050266981125,
        "e30": 0.0,
        "e31": 0.0,
        "e32": -1.0,
        "e33": 0.0
    },
    "focalLengthX": 1606.0223388671875,
    "focalLengthY": 1606.0223388671875,
    "principalPointX": 958.1405029296875,
    "principalPointY": 721.1047973632813,
    "position": {
        "x": -0.43496203422546389,
        "y": 0.42325013875961306,
        "z": 1.0337387323379517
    },
    "rotation": {
        "x": -0.024343786761164666,
        "y": -0.19792437553405763,
        "z": 0.017303327098488809,
        "w": -0.9797621965408325
    },
    "scale": {
        "x": 1.0,
        "y": 1.0,
        "z": 1.0
    },
    "viewMatrix": {
        "e00": 0.9210530519485474,
        "e01": -0.02426983416080475,
        "e02": -0.388680100440979,
        "e03": 0.8126890063285828,
        "e10": 0.04354275017976761,
        "e11": 0.9982159733772278,
        "e12": 0.04085274413228035,
        "e13": -0.44578665494918826,
        "e20": -0.38699519634246828,
        "e21": 0.05455174669623375,
        "e22": -0.9204666614532471,
        "e23": 0.760104775428772,
        "e30": 0.0,
        "e31": 0.0,
        "e32": 0.0,
        "e33": 1.0
    },
    "screenResolution": {
        "x": 1920,
        "y": 1440
    },
    "fieldOfView": 45.32341003417969,
    "aspectRatio": 1.431654691696167,
    "nearClipPlane": 0.10000000149011612,
    "farClipPlane": 20.0,
    "isOrthographic": false,
    "depth": 0.0,
    "clearFlags": 4,
    "cullingMask": -1,
    "viewportRect": {
        "serializedVersion": "2",
        "x": 0.0,
        "y": 0.0,
        "width": 1.0,
        "height": 1.0
    }
}