{
    "intrinsicMatrix": {
        "e00": 1596.0804443359375,
        "e01": 0.0,
        "e02": 957.776611328125,
        "e03": 0.0,
        "e10": 0.0,
        "e11": 1596.0804443359375,
        "e12": 721.5972290039063,
        "e13": 0.0,
        "e20": 0.0,
        "e21": 0.0,
        "e22": 1.0,
        "e23": 0.0,
        "e30": 0.0,
        "e31": 0.0,
        "e32": 0.0,
        "e33": 1.0
    },
    "projectionMatrix": {
        "e00": 1.6625837087631226,
        "e01": 0.0,
        "e02": 0.0017951726913452149,
        "e03": 0.0,
        "e10": 0.0,
        "e11": 2.3802456855773927,
        "e12": 0.003127574920654297,
        "e13": 0.0,
        "e20": 0.0,
        "e21": 0.0,
        "e22": -1.0100502967834473,
        "e23": -0.2010050266981125,
        "e30": 0.0,
        "e31": 0.0,
        "e32": -1.0,
        "e33": 0.0
    },
    "focalLengthX": 1596.0804443359375,
    "focalLengthY": 1596.0804443359375,
    "principalPointX": 957.776611328125,
    "principalPointY": 721.5972290039063,
    "position": {
        "x": 2.678532600402832,
        "y": 0.05250589922070503,
        "z": 0.6645811200141907
    },
    "rotation": {
        "x": 0.17665591835975648,
        "y": 0.8149324059486389,
        "z": -0.3919353783130646,
        "w": 0.3886702060699463
    },
    "scale": {
        "x": 1.0,
        "y": 1.0,
        "z": 1.0
    },
    "viewMatrix": {
        "e00": -0.6354563236236572,
        "e01": -0.016741931438446046,
        "e02": -0.7719553112983704,
        "e03": 2.215996503829956,
        "e10": 0.5925924777984619,
        "e11": 0.6303586959838867,
        "e12": -0.5014799237251282,
        "e13": -1.2871017456054688,
        "e20": -0.49500447511672976,
        "e21": 0.7761234641075134,
        "e22": 0.3906443119049072,
        "e23": 1.0255197286605836,
        "e30": 0.0,
        "e31": 0.0,
        "e32": 0.0,
        "e33": 1.0
    },
    "screenResolution": {
        "x": 1920,
        "y": 1440
    },
    "fieldOfView": 45.57695770263672,
    "aspectRatio": 1.431654691696167,
    "nearClipPlane": 0.10000000149011612,
    "farClipPlane": 20.0,
    "isOrthographic": false,
    "depth": 0.0,
    "clearFlags": 4,
    "cullingMask": -1,
    "viewportRect": {
        "serializedVersion": "2",
        "x": 0.0,
        "y": 0.0,
        "width": 1.0,
        "height": 1.0
    }
}