{
    "intrinsicMatrix": {
        "e00": 1595.6285400390625,
        "e01": 0.0,
        "e02": 957.76123046875,
        "e03": 0.0,
        "e10": 0.0,
        "e11": 1595.6285400390625,
        "e12": 721.6649169921875,
        "e13": 0.0,
        "e20": 0.0,
        "e21": 0.0,
        "e22": 1.0,
        "e23": 0.0,
        "e30": 0.0,
        "e31": 0.0,
        "e32": 0.0,
        "e33": 1.0
    },
    "projectionMatrix": {
        "e00": 1.662113070487976,
        "e01": 0.0,
        "e02": 0.001811206340789795,
        "e03": 0.0,
        "e10": 0.0,
        "e11": 2.3795719146728517,
        "e12": 0.0032285451889038088,
        "e13": 0.0,
        "e20": 0.0,
        "e21": 0.0,
        "e22": -1.0100502967834473,
        "e23": -0.2010050266981125,
        "e30": 0.0,
        "e31": 0.0,
        "e32": -1.0,
        "e33": 0.0
    },
    "focalLengthX": 1595.6285400390625,
    "focalLengthY": 1595.6285400390625,
    "principalPointX": 957.76123046875,
    "principalPointY": 721.6649169921875,
    "position": {
        "x": 2.7314860820770265,
        "y": 0.03562380373477936,
        "z": 0.575894832611084
    },
    "rotation": {
        "x": 0.19987353682518006,
        "y": 0.7954294085502625,
        "z": -0.41124871373176577,
        "w": 0.3977651596069336
    },
    "scale": {
        "x": 1.0,
        "y": 1.0,
        "z": 1.0
    },
    "viewMatrix": {
        "e00": -0.6036669015884399,
        "e01": -0.009190261363983155,
        "e02": -0.7971836924552918,
        "e03": 2.1083290576934816,
        "e10": 0.6451314091682434,
        "e11": 0.5818501710891724,
        "e12": -0.4952331781387329,
        "e13": -1.4976929426193238,
        "e20": -0.4683927893638611,
        "e21": 0.813244104385376,
        "e22": 0.34531474113464358,
        "e23": 1.051572561264038,
        "e30": 0.0,
        "e31": 0.0,
        "e32": 0.0,
        "e33": 1.0
    },
    "screenResolution": {
        "x": 1920,
        "y": 1440
    },
    "fieldOfView": 45.58854293823242,
    "aspectRatio": 1.431654691696167,
    "nearClipPlane": 0.10000000149011612,
    "farClipPlane": 20.0,
    "isOrthographic": false,
    "depth": 0.0,
    "clearFlags": 4,
    "cullingMask": -1,
    "viewportRect": {
        "serializedVersion": "2",
        "x": 0.0,
        "y": 0.0,
        "width": 1.0,
        "height": 1.0
    }
}