{
    "intrinsicMatrix": {
        "e00": 1605.1185302734375,
        "e01": 0.0,
        "e02": 958.083740234375,
        "e03": 0.0,
        "e10": 0.0,
        "e11": 1605.1185302734375,
        "e12": 721.11669921875,
        "e13": 0.0,
        "e20": 0.0,
        "e21": 0.0,
        "e22": 1.0,
        "e23": 0.0,
        "e30": 0.0,
        "e31": 0.0,
        "e32": 0.0,
        "e33": 1.0
    },
    "projectionMatrix": {
        "e00": 1.6719985008239747,
        "e01": 0.0,
        "e02": 0.0014752745628356934,
        "e03": 0.0,
        "e10": 0.0,
        "e11": 2.3937244415283205,
        "e12": 0.0024109482765197756,
        "e13": 0.0,
        "e20": 0.0,
        "e21": 0.0,
        "e22": -1.0100502967834473,
        "e23": -0.2010050266981125,
        "e30": 0.0,
        "e31": 0.0,
        "e32": -1.0,
        "e33": 0.0
    },
    "focalLengthX": 1605.1185302734375,
    "focalLengthY": 1605.1185302734375,
    "principalPointX": 958.083740234375,
    "principalPointY": 721.11669921875,
    "position": {
        "x": 0.31949836015701296,
        "y": 0.3735181987285614,
        "z": 0.6593831181526184
    },
    "rotation": {
        "x": -0.07282266020774842,
        "y": 0.012636474333703518,
        "z": 0.012884337455034256,
        "w": -0.9971816539764404
    },
    "scale": {
        "x": 1.0,
        "y": 1.0,
        "z": 1.0
    },
    "viewMatrix": {
        "e00": 0.9993486404418945,
        "e01": -0.02753649279475212,
        "e02": 0.023325176909565927,
        "e03": -0.3243851065635681,
        "e10": 0.023855607956647874,
        "e11": 0.989061713218689,
        "e12": 0.14556045830249787,
        "e13": -0.47303447127342226,
        "e20": 0.027078265324234964,
        "e21": 0.14490921795368195,
        "e22": -0.9890743494033814,
        "e23": 0.5894013047218323,
        "e30": 0.0,
        "e31": 0.0,
        "e32": 0.0,
        "e33": 1.0
    },
    "screenResolution": {
        "x": 1920,
        "y": 1440
    },
    "fieldOfView": 45.34634780883789,
    "aspectRatio": 1.431654691696167,
    "nearClipPlane": 0.10000000149011612,
    "farClipPlane": 20.0,
    "isOrthographic": false,
    "depth": 0.0,
    "clearFlags": 4,
    "cullingMask": -1,
    "viewportRect": {
        "serializedVersion": "2",
        "x": 0.0,
        "y": 0.0,
        "width": 1.0,
        "height": 1.0
    }
}