{
    "intrinsicMatrix": {
        "e00": 1597.8880615234375,
        "e01": 0.0,
        "e02": 957.7054443359375,
        "e03": 0.0,
        "e10": 0.0,
        "e11": 1597.8880615234375,
        "e12": 721.7236328125,
        "e13": 0.0,
        "e20": 0.0,
        "e21": 0.0,
        "e22": 1.0,
        "e23": 0.0,
        "e30": 0.0,
        "e31": 0.0,
        "e32": 0.0,
        "e33": 1.0
    },
    "projectionMatrix": {
        "e00": 1.6644667387008668,
        "e01": 0.0,
        "e02": 0.0018693208694458008,
        "e03": 0.0,
        "e10": 0.0,
        "e11": 2.382941484451294,
        "e12": 0.0033161044120788576,
        "e13": 0.0,
        "e20": 0.0,
        "e21": 0.0,
        "e22": -1.0100502967834473,
        "e23": -0.2010050266981125,
        "e30": 0.0,
        "e31": 0.0,
        "e32": -1.0,
        "e33": 0.0
    },
    "focalLengthX": 1597.8880615234375,
    "focalLengthY": 1597.8880615234375,
    "principalPointX": 957.7054443359375,
    "principalPointY": 721.7236328125,
    "position": {
        "x": -0.1506548523902893,
        "y": 0.09255769103765488,
        "z": 0.28561434149742129
    },
    "rotation": {
        "x": -0.4716052711009979,
        "y": 0.19476938247680665,
        "z": -0.09370549023151398,
        "w": -0.8549109101295471
    },
    "scale": {
        "x": 1.0,
        "y": 1.0,
        "z": 1.0
    },
    "viewMatrix": {
        "e00": 0.9065683484077454,
        "e01": -0.023488834500312806,
        "e02": 0.4214049279689789,
        "e03": 0.01839369535446167,
        "e10": -0.3439282178878784,
        "e11": 0.5376155376434326,
        "e12": 0.7698590159416199,
        "e13": -0.3214576840400696,
        "e20": 0.2446369230747223,
        "e21": 0.8428629040718079,
        "e22": -0.479306697845459,
        "e23": 0.09573915600776673,
        "e30": 0.0,
        "e31": 0.0,
        "e32": 0.0,
        "e33": 1.0
    },
    "screenResolution": {
        "x": 1920,
        "y": 1440
    },
    "fieldOfView": 45.53065872192383,
    "aspectRatio": 1.431654691696167,
    "nearClipPlane": 0.10000000149011612,
    "farClipPlane": 20.0,
    "isOrthographic": false,
    "depth": 0.0,
    "clearFlags": 4,
    "cullingMask": -1,
    "viewportRect": {
        "serializedVersion": "2",
        "x": 0.0,
        "y": 0.0,
        "width": 1.0,
        "height": 1.0
    }
}