{
    "intrinsicMatrix": {
        "e00": 1603.3109130859375,
        "e01": 0.0,
        "e02": 958.1531372070313,
        "e03": 0.0,
        "e10": 0.0,
        "e11": 1603.3109130859375,
        "e12": 721.1046142578125,
        "e13": 0.0,
        "e20": 0.0,
        "e21": 0.0,
        "e22": 1.0,
        "e23": 0.0,
        "e30": 0.0,
        "e31": 0.0,
        "e32": 0.0,
        "e33": 1.0
    },
    "projectionMatrix": {
        "e00": 1.6701154708862305,
        "e01": 0.0,
        "e02": 0.0014029741287231446,
        "e03": 0.0,
        "e10": 0.0,
        "e11": 2.391028642654419,
        "e12": 0.0023929476737976076,
        "e13": 0.0,
        "e20": 0.0,
        "e21": 0.0,
        "e22": -1.0100502967834473,
        "e23": -0.2010050266981125,
        "e30": 0.0,
        "e31": 0.0,
        "e32": -1.0,
        "e33": 0.0
    },
    "focalLengthX": 1603.3109130859375,
    "focalLengthY": 1603.3109130859375,
    "principalPointX": 958.1531372070313,
    "principalPointY": 721.1046142578125,
    "position": {
        "x": -0.06769360601902008,
        "y": 0.3692501187324524,
        "z": 0.4716930389404297
    },
    "rotation": {
        "x": -0.0273777786642313,
        "y": 0.10535946488380432,
        "z": 0.009020399302244187,
        "w": -0.9940163493156433
    },
    "scale": {
        "x": 1.0,
        "y": 1.0,
        "z": 1.0
    },
    "viewMatrix": {
        "e00": 0.9776360392570496,
        "e01": -0.02370186522603035,
        "e02": 0.20896415412425996,
        "e03": -0.023635312914848329,
        "e10": 0.012163832783699036,
        "e11": 0.9983381628990173,
        "e12": 0.05632868781685829,
        "e13": -0.39438292384147646,
        "e20": 0.2099519819021225,
        "e21": 0.05252714827656746,
        "e22": -0.9762997031211853,
        "e23": 0.4553305208683014,
        "e30": 0.0,
        "e31": 0.0,
        "e32": 0.0,
        "e33": 1.0
    },
    "screenResolution": {
        "x": 1920,
        "y": 1440
    },
    "fieldOfView": 45.39229202270508,
    "aspectRatio": 1.431654691696167,
    "nearClipPlane": 0.10000000149011612,
    "farClipPlane": 20.0,
    "isOrthographic": false,
    "depth": 0.0,
    "clearFlags": 4,
    "cullingMask": -1,
    "viewportRect": {
        "serializedVersion": "2",
        "x": 0.0,
        "y": 0.0,
        "width": 1.0,
        "height": 1.0
    }
}