{
    "intrinsicMatrix": {
        "e00": 1600.1475830078125,
        "e01": 0.0,
        "e02": 957.8040161132813,
        "e03": 0.0,
        "e10": 0.0,
        "e11": 1600.1475830078125,
        "e12": 721.8089599609375,
        "e13": 0.0,
        "e20": 0.0,
        "e21": 0.0,
        "e22": 1.0,
        "e23": 0.0,
        "e30": 0.0,
        "e31": 0.0,
        "e32": 0.0,
        "e33": 1.0
    },
    "projectionMatrix": {
        "e00": 1.6668204069137574,
        "e01": 0.0,
        "e02": 0.0017666220664978028,
        "e03": 0.0,
        "e10": 0.0,
        "e11": 2.3863112926483156,
        "e12": 0.0034433603286743166,
        "e13": 0.0,
        "e20": 0.0,
        "e21": 0.0,
        "e22": -1.0100502967834473,
        "e23": -0.2010050266981125,
        "e30": 0.0,
        "e31": 0.0,
        "e32": -1.0,
        "e33": 0.0
    },
    "focalLengthX": 1600.1475830078125,
    "focalLengthY": 1600.1475830078125,
    "principalPointX": 957.8040161132813,
    "principalPointY": 721.8089599609375,
    "position": {
        "x": 0.8209671378135681,
        "y": 0.1283911168575287,
        "z": 0.8803209662437439
    },
    "rotation": {
        "x": -0.4889681339263916,
        "y": 0.2225065529346466,
        "z": -0.1448797881603241,
        "w": -0.8309097290039063
    },
    "scale": {
        "x": 1.0,
        "y": 1.0,
        "z": 1.0
    },
    "viewMatrix": {
        "e00": 0.8590013384819031,
        "e01": 0.023166820406913759,
        "e02": 0.5114489197731018,
        "e03": -1.1584255695343018,
        "e10": -0.45836126804351809,
        "e11": 0.4798400402069092,
        "e12": 0.7481033802032471,
        "e13": -0.34387871623039248,
        "e20": 0.22808252274990083,
        "e21": 0.8770501613616943,
        "e22": -0.4228019714355469,
        "e23": 0.0723477303981781,
        "e30": 0.0,
        "e31": 0.0,
        "e32": 0.0,
        "e33": 1.0
    },
    "screenResolution": {
        "x": 1920,
        "y": 1440
    },
    "fieldOfView": 45.47290802001953,
    "aspectRatio": 1.431654691696167,
    "nearClipPlane": 0.10000000149011612,
    "farClipPlane": 20.0,
    "isOrthographic": false,
    "depth": 0.0,
    "clearFlags": 4,
    "cullingMask": -1,
    "viewportRect": {
        "serializedVersion": "2",
        "x": 0.0,
        "y": 0.0,
        "width": 1.0,
        "height": 1.0
    }
}