{
    "intrinsicMatrix": {
        "e00": 1604.6666259765625,
        "e01": 0.0,
        "e02": 957.705322265625,
        "e03": 0.0,
        "e10": 0.0,
        "e11": 1604.6666259765625,
        "e12": 721.712646484375,
        "e13": 0.0,
        "e20": 0.0,
        "e21": 0.0,
        "e22": 1.0,
        "e23": 0.0,
        "e30": 0.0,
        "e31": 0.0,
        "e32": 0.0,
        "e33": 1.0
    },
    "projectionMatrix": {
        "e00": 1.6715277433395386,
        "e01": 0.0,
        "e02": 0.001869499683380127,
        "e03": 0.0,
        "e10": 0.0,
        "e11": 2.3930504322052,
        "e12": 0.003299713134765625,
        "e13": 0.0,
        "e20": 0.0,
        "e21": 0.0,
        "e22": -1.0100502967834473,
        "e23": -0.2010050266981125,
        "e30": 0.0,
        "e31": 0.0,
        "e32": -1.0,
        "e33": 0.0
    },
    "focalLengthX": 1604.6666259765625,
    "focalLengthY": 1604.6666259765625,
    "principalPointX": 957.705322265625,
    "principalPointY": 721.712646484375,
    "position": {
        "x": 0.769079864025116,
        "y": 0.10192312300205231,
        "z": 0.8053584098815918
    },
    "rotation": {
        "x": -0.4602484405040741,
        "y": 0.2592620551586151,
        "z": -0.1289508193731308,
        "w": -0.8392414450645447
    },
    "scale": {
        "x": 1.0,
        "y": 1.0,
        "z": 1.0
    },
    "viewMatrix": {
        "e00": 0.8323097229003906,
        "e01": -0.022208169102668763,
        "e02": 0.5538657307624817,
        "e03": -1.083909511566162,
        "e10": -0.455091655254364,
        "e11": 0.5430861115455627,
        "e12": 0.7056549787521362,
        "e13": -0.2736563980579376,
        "e20": 0.31646808981895449,
        "e21": 0.8393832445144653,
        "e22": -0.4419090747833252,
        "e23": 0.02695341408252716,
        "e30": 0.0,
        "e31": 0.0,
        "e32": 0.0,
        "e33": 1.0
    },
    "screenResolution": {
        "x": 1920,
        "y": 1440
    },
    "fieldOfView": 45.357826232910159,
    "aspectRatio": 1.431654691696167,
    "nearClipPlane": 0.10000000149011612,
    "farClipPlane": 20.0,
    "isOrthographic": false,
    "depth": 0.0,
    "clearFlags": 4,
    "cullingMask": -1,
    "viewportRect": {
        "serializedVersion": "2",
        "x": 0.0,
        "y": 0.0,
        "width": 1.0,
        "height": 1.0
    }
}