{
    "intrinsicMatrix": {
        "e00": 1604.6666259765625,
        "e01": 0.0,
        "e02": 957.71826171875,
        "e03": 0.0,
        "e10": 0.0,
        "e11": 1604.6666259765625,
        "e12": 721.6708984375,
        "e13": 0.0,
        "e20": 0.0,
        "e21": 0.0,
        "e22": 1.0,
        "e23": 0.0,
        "e30": 0.0,
        "e31": 0.0,
        "e32": 0.0,
        "e33": 1.0
    },
    "projectionMatrix": {
        "e00": 1.6715277433395386,
        "e01": 0.0,
        "e02": 0.0018560290336608887,
        "e03": 0.0,
        "e10": 0.0,
        "e11": 2.3930504322052,
        "e12": 0.003237485885620117,
        "e13": 0.0,
        "e20": 0.0,
        "e21": 0.0,
        "e22": -1.0100502967834473,
        "e23": -0.2010050266981125,
        "e30": 0.0,
        "e31": 0.0,
        "e32": -1.0,
        "e33": 0.0
    },
    "focalLengthX": 1604.6666259765625,
    "focalLengthY": 1604.6666259765625,
    "principalPointX": 957.71826171875,
    "principalPointY": 721.6708984375,
    "position": {
        "x": 0.7853385210037231,
        "y": 0.12937451899051667,
        "z": 0.869748055934906
    },
    "rotation": {
        "x": -0.4395369291305542,
        "y": 0.2916606366634369,
        "z": -0.13733866810798646,
        "w": -0.8383790850639343
    },
    "scale": {
        "x": 1.0,
        "y": 1.0,
        "z": 1.0
    },
    "viewMatrix": {
        "e00": 0.7921442985534668,
        "e01": -0.026107490062713624,
        "e02": 0.609775185585022,
        "e03": -1.1490745544433594,
        "e10": -0.486674964427948,
        "e11": 0.5758907794952393,
        "e12": 0.6568845510482788,
        "e13": -0.26362502574920657,
        "e20": 0.3683135509490967,
        "e21": 0.8171097040176392,
        "e22": -0.44348275661468508,
        "e23": -0.009245723485946656,
        "e30": 0.0,
        "e31": 0.0,
        "e32": 0.0,
        "e33": 1.0
    },
    "screenResolution": {
        "x": 1920,
        "y": 1440
    },
    "fieldOfView": 45.357826232910159,
    "aspectRatio": 1.431654691696167,
    "nearClipPlane": 0.10000000149011612,
    "farClipPlane": 20.0,
    "isOrthographic": false,
    "depth": 0.0,
    "clearFlags": 4,
    "cullingMask": -1,
    "viewportRect": {
        "serializedVersion": "2",
        "x": 0.0,
        "y": 0.0,
        "width": 1.0,
        "height": 1.0
    }
}