{
    "intrinsicMatrix": {
        "e00": 1604.2147216796875,
        "e01": 0.0,
        "e02": 957.7604370117188,
        "e03": 0.0,
        "e10": 0.0,
        "e11": 1604.2147216796875,
        "e12": 721.8659057617188,
        "e13": 0.0,
        "e20": 0.0,
        "e21": 0.0,
        "e22": 1.0,
        "e23": 0.0,
        "e30": 0.0,
        "e31": 0.0,
        "e32": 0.0,
        "e33": 1.0
    },
    "projectionMatrix": {
        "e00": 1.6710569858551026,
        "e01": 0.0,
        "e02": 0.0018120408058166504,
        "e03": 0.0,
        "e10": 0.0,
        "e11": 2.392376661300659,
        "e12": 0.0035282373428344728,
        "e13": 0.0,
        "e20": 0.0,
        "e21": 0.0,
        "e22": -1.0100502967834473,
        "e23": -0.2010050266981125,
        "e30": 0.0,
        "e31": 0.0,
        "e32": -1.0,
        "e33": 0.0
    },
    "focalLengthX": 1604.2147216796875,
    "focalLengthY": 1604.2147216796875,
    "principalPointX": 957.7604370117188,
    "principalPointY": 721.8659057617188,
    "position": {
        "x": 0.8147657513618469,
        "y": 0.09716539084911347,
        "z": 0.9158371686935425
    },
    "rotation": {
        "x": -0.5175120234489441,
        "y": 0.1938886046409607,
        "z": -0.12787015736103059,
        "w": -0.8235519528388977
    },
    "scale": {
        "x": 1.0,
        "y": 1.0,
        "z": 1.0
    },
    "viewMatrix": {
        "e00": 0.8921128511428833,
        "e01": 0.009936079382896424,
        "e02": 0.45170336961746218,
        "e03": -1.1415152549743653,
        "e10": -0.4112948179244995,
        "e11": 0.43166106939315798,
        "e12": 0.8028109073638916,
        "e13": -0.4420776963233948,
        "e20": 0.18700599670410157,
        "e21": 0.9019812345504761,
        "e22": -0.38917702436447146,
        "e23": 0.11641533672809601,
        "e30": 0.0,
        "e31": 0.0,
        "e32": 0.0,
        "e33": 1.0
    },
    "screenResolution": {
        "x": 1920,
        "y": 1440
    },
    "fieldOfView": 45.36930847167969,
    "aspectRatio": 1.431654691696167,
    "nearClipPlane": 0.10000000149011612,
    "farClipPlane": 20.0,
    "isOrthographic": false,
    "depth": 0.0,
    "clearFlags": 4,
    "cullingMask": -1,
    "viewportRect": {
        "serializedVersion": "2",
        "x": 0.0,
        "y": 0.0,
        "width": 1.0,
        "height": 1.0
    }
}