{
    "intrinsicMatrix": {
        "e00": 1603.3109130859375,
        "e01": 0.0,
        "e02": 958.1388549804688,
        "e03": 0.0,
        "e10": 0.0,
        "e11": 1603.3109130859375,
        "e12": 721.1256713867188,
        "e13": 0.0,
        "e20": 0.0,
        "e21": 0.0,
        "e22": 1.0,
        "e23": 0.0,
        "e30": 0.0,
        "e31": 0.0,
        "e32": 0.0,
        "e33": 1.0
    },
    "projectionMatrix": {
        "e00": 1.6701154708862305,
        "e01": 0.0,
        "e02": 0.0014178156852722169,
        "e03": 0.0,
        "e10": 0.0,
        "e11": 2.391028642654419,
        "e12": 0.0024243593215942384,
        "e13": 0.0,
        "e20": 0.0,
        "e21": 0.0,
        "e22": -1.0100502967834473,
        "e23": -0.2010050266981125,
        "e30": 0.0,
        "e31": 0.0,
        "e32": -1.0,
        "e33": 0.0
    },
    "focalLengthX": 1603.3109130859375,
    "focalLengthY": 1603.3109130859375,
    "principalPointX": 958.1388549804688,
    "principalPointY": 721.1256713867188,
    "position": {
        "x": 0.5874274373054504,
        "y": 0.28759145736694338,
        "z": 1.0767037868499756
    },
    "rotation": {
        "x": -0.08122531324625015,
        "y": 0.2836262881755829,
        "z": -0.024296941235661508,
        "w": -0.9551796913146973
    },
    "scale": {
        "x": 1.0,
        "y": 1.0,
        "z": 1.0
    },
    "viewMatrix": {
        "e00": 0.8379315733909607,
        "e01": 0.0003406219184398651,
        "e02": 0.5457752346992493,
        "e03": -1.0799602270126343,
        "e10": -0.09249116480350495,
        "e11": 0.9856241941452026,
        "e12": 0.14138704538345338,
        "e13": -0.38135722279548647,
        "e20": 0.537881076335907,
        "e21": 0.16895204782485963,
        "e22": -0.82591712474823,
        "e23": 0.5247128009796143,
        "e30": 0.0,
        "e31": 0.0,
        "e32": 0.0,
        "e33": 1.0
    },
    "screenResolution": {
        "x": 1920,
        "y": 1440
    },
    "fieldOfView": 45.39229202270508,
    "aspectRatio": 1.431654691696167,
    "nearClipPlane": 0.10000000149011612,
    "farClipPlane": 20.0,
    "isOrthographic": false,
    "depth": 0.0,
    "clearFlags": 4,
    "cullingMask": -1,
    "viewportRect": {
        "serializedVersion": "2",
        "x": 0.0,
        "y": 0.0,
        "width": 1.0,
        "height": 1.0
    }
}