{
    "intrinsicMatrix": {
        "e00": 1604.6666259765625,
        "e01": 0.0,
        "e02": 958.0751342773438,
        "e03": 0.0,
        "e10": 0.0,
        "e11": 1604.6666259765625,
        "e12": 721.1004028320313,
        "e13": 0.0,
        "e20": 0.0,
        "e21": 0.0,
        "e22": 1.0,
        "e23": 0.0,
        "e30": 0.0,
        "e31": 0.0,
        "e32": 0.0,
        "e33": 1.0
    },
    "projectionMatrix": {
        "e00": 1.6715277433395386,
        "e01": 0.0,
        "e02": 0.0014842748641967774,
        "e03": 0.0,
        "e10": 0.0,
        "e11": 2.3930504322052,
        "e12": 0.0023866891860961916,
        "e13": 0.0,
        "e20": 0.0,
        "e21": 0.0,
        "e22": -1.0100502967834473,
        "e23": -0.2010050266981125,
        "e30": 0.0,
        "e31": 0.0,
        "e32": -1.0,
        "e33": 0.0
    },
    "focalLengthX": 1604.6666259765625,
    "focalLengthY": 1604.6666259765625,
    "principalPointX": 958.0751342773438,
    "principalPointY": 721.1004028320313,
    "position": {
        "x": 0.062094103544950488,
        "y": 0.36332547664642336,
        "z": 0.8485017418861389
    },
    "rotation": {
        "x": -0.012536934576928616,
        "y": -0.01121732871979475,
        "z": 0.028153609484434129,
        "w": -0.9994620680809021
    },
    "scale": {
        "x": 1.0,
        "y": 1.0,
        "z": 1.0
    },
    "viewMatrix": {
        "e00": 0.998163104057312,
        "e01": -0.05599566549062729,
        "e02": -0.023128509521484376,
        "e03": -0.022010810673236848,
        "e10": 0.056558191776275638,
        "e11": 0.9981003999710083,
        "e12": 0.02442876435816288,
        "e13": -0.38687509298324587,
        "e20": -0.02171666920185089,
        "e21": 0.02569199912250042,
        "e22": -0.9994339942932129,
        "e23": 0.8400354385375977,
        "e30": 0.0,
        "e31": 0.0,
        "e32": 0.0,
        "e33": 1.0
    },
    "screenResolution": {
        "x": 1920,
        "y": 1440
    },
    "fieldOfView": 45.357826232910159,
    "aspectRatio": 1.431654691696167,
    "nearClipPlane": 0.10000000149011612,
    "farClipPlane": 20.0,
    "isOrthographic": false,
    "depth": 0.0,
    "clearFlags": 4,
    "cullingMask": -1,
    "viewportRect": {
        "serializedVersion": "2",
        "x": 0.0,
        "y": 0.0,
        "width": 1.0,
        "height": 1.0
    }
}