{
    "intrinsicMatrix": {
        "e00": 1600.1475830078125,
        "e01": 0.0,
        "e02": 957.8179931640625,
        "e03": 0.0,
        "e10": 0.0,
        "e11": 1600.1475830078125,
        "e12": 721.4285278320313,
        "e13": 0.0,
        "e20": 0.0,
        "e21": 0.0,
        "e22": 1.0,
        "e23": 0.0,
        "e30": 0.0,
        "e31": 0.0,
        "e32": 0.0,
        "e33": 1.0
    },
    "projectionMatrix": {
        "e00": 1.6668204069137574,
        "e01": 0.0,
        "e02": 0.0017521381378173829,
        "e03": 0.0,
        "e10": 0.0,
        "e11": 2.3863112926483156,
        "e12": 0.0028760433197021486,
        "e13": 0.0,
        "e20": 0.0,
        "e21": 0.0,
        "e22": -1.0100502967834473,
        "e23": -0.2010050266981125,
        "e30": 0.0,
        "e31": 0.0,
        "e32": -1.0,
        "e33": 0.0
    },
    "focalLengthX": 1600.1475830078125,
    "focalLengthY": 1600.1475830078125,
    "principalPointX": 957.8179931640625,
    "principalPointY": 721.4285278320313,
    "position": {
        "x": 0.05380340665578842,
        "y": 0.12209535390138626,
        "z": 1.0996003150939942
    },
    "rotation": {
        "x": -0.34307536482810976,
        "y": -0.10962257534265518,
        "z": 0.05240762233734131,
        "w": -0.9314159154891968
    },
    "scale": {
        "x": 1.0,
        "y": 1.0,
        "z": 1.0
    },
    "viewMatrix": {
        "e00": 0.9704726934432983,
        "e01": -0.022408977150917054,
        "e02": -0.24016794562339784,
        "e03": 0.2146100401878357,
        "e10": 0.17284420132637025,
        "e11": 0.7591054439544678,
        "e12": 0.6276016235351563,
        "e13": -0.792093813419342,
        "e20": -0.16824889183044434,
        "e21": 0.6505818367004395,
        "e22": -0.7405643463134766,
        "e23": 0.7439441084861755,
        "e30": 0.0,
        "e31": 0.0,
        "e32": 0.0,
        "e33": 1.0
    },
    "screenResolution": {
        "x": 1920,
        "y": 1440
    },
    "fieldOfView": 45.47290802001953,
    "aspectRatio": 1.431654691696167,
    "nearClipPlane": 0.10000000149011612,
    "farClipPlane": 20.0,
    "isOrthographic": false,
    "depth": 0.0,
    "clearFlags": 4,
    "cullingMask": -1,
    "viewportRect": {
        "serializedVersion": "2",
        "x": 0.0,
        "y": 0.0,
        "width": 1.0,
        "height": 1.0
    }
}