{
    "intrinsicMatrix": {
        "e00": 1597.4361572265625,
        "e01": 0.0,
        "e02": 957.8845825195313,
        "e03": 0.0,
        "e10": 0.0,
        "e11": 1597.4361572265625,
        "e12": 721.3709106445313,
        "e13": 0.0,
        "e20": 0.0,
        "e21": 0.0,
        "e22": 1.0,
        "e23": 0.0,
        "e30": 0.0,
        "e31": 0.0,
        "e32": 0.0,
        "e33": 1.0
    },
    "projectionMatrix": {
        "e00": 1.6639961004257203,
        "e01": 0.0,
        "e02": 0.0016826987266540528,
        "e03": 0.0,
        "e10": 0.0,
        "e11": 2.382267713546753,
        "e12": 0.0027901530265808107,
        "e13": 0.0,
        "e20": 0.0,
        "e21": 0.0,
        "e22": -1.0100502967834473,
        "e23": -0.2010050266981125,
        "e30": 0.0,
        "e31": 0.0,
        "e32": -1.0,
        "e33": 0.0
    },
    "focalLengthX": 1597.4361572265625,
    "focalLengthY": 1597.4361572265625,
    "principalPointX": 957.8845825195313,
    "principalPointY": 721.3709106445313,
    "position": {
        "x": 1.4067840576171876,
        "y": 0.18090400099754334,
        "z": 0.48522311449050906
    },
    "rotation": {
        "x": -0.21881066262722016,
        "y": -0.66777104139328,
        "z": 0.22425875067710877,
        "w": -0.6752123236656189
    },
    "scale": {
        "x": 1.0,
        "y": 1.0,
        "z": 1.0
    },
    "viewMatrix": {
        "e00": 0.007579684257507324,
        "e01": -0.010613709688186646,
        "e02": -0.9999148845672607,
        "e03": 0.4764389097690582,
        "e10": 0.5950753688812256,
        "e11": 0.8036597967147827,
        "e12": -0.004019677639007568,
        "e13": -0.9805773496627808,
        "e20": -0.8036340475082398,
        "e21": 0.594994306564331,
        "e22": -0.012407422065734864,
        "e23": 1.0289230346679688,
        "e30": 0.0,
        "e31": 0.0,
        "e32": 0.0,
        "e33": 1.0
    },
    "screenResolution": {
        "x": 1920,
        "y": 1440
    },
    "fieldOfView": 45.54222106933594,
    "aspectRatio": 1.431654691696167,
    "nearClipPlane": 0.10000000149011612,
    "farClipPlane": 20.0,
    "isOrthographic": false,
    "depth": 0.0,
    "clearFlags": 4,
    "cullingMask": -1,
    "viewportRect": {
        "serializedVersion": "2",
        "x": 0.0,
        "y": 0.0,
        "width": 1.0,
        "height": 1.0
    }
}