{
    "intrinsicMatrix": {
        "e00": 1596.9842529296875,
        "e01": 0.0,
        "e02": 957.7997436523438,
        "e03": 0.0,
        "e10": 0.0,
        "e11": 1596.9842529296875,
        "e12": 721.46142578125,
        "e13": 0.0,
        "e20": 0.0,
        "e21": 0.0,
        "e22": 1.0,
        "e23": 0.0,
        "e30": 0.0,
        "e31": 0.0,
        "e32": 0.0,
        "e33": 1.0
    },
    "projectionMatrix": {
        "e00": 1.6635252237319947,
        "e01": 0.0,
        "e02": 0.0017711520195007325,
        "e03": 0.0,
        "e10": 0.0,
        "e11": 2.381593704223633,
        "e12": 0.002925097942352295,
        "e13": 0.0,
        "e20": 0.0,
        "e21": 0.0,
        "e22": -1.0100502967834473,
        "e23": -0.2010050266981125,
        "e30": 0.0,
        "e31": 0.0,
        "e32": -1.0,
        "e33": 0.0
    },
    "focalLengthX": 1596.9842529296875,
    "focalLengthY": 1596.9842529296875,
    "principalPointX": 957.7997436523438,
    "principalPointY": 721.46142578125,
    "position": {
        "x": 1.5991945266723633,
        "y": 0.1117209866642952,
        "z": 0.45439741015434267
    },
    "rotation": {
        "x": -0.26294976472854617,
        "y": -0.6199783086776733,
        "z": 0.2521696388721466,
        "w": -0.6949062943458557
    },
    "scale": {
        "x": 1.0,
        "y": 1.0,
        "z": 1.0
    },
    "viewMatrix": {
        "e00": 0.10407471656799317,
        "e01": -0.024422258138656617,
        "e02": -0.994269609451294,
        "e03": 0.28808629512786868,
        "e10": 0.6765148639678955,
        "e11": 0.734535813331604,
        "e12": 0.05277147889137268,
        "e13": -1.187921166419983,
        "e20": -0.7290377616882324,
        "e21": 0.6781302690505981,
        "e22": -0.0929686427116394,
        "e23": 1.1323565244674683,
        "e30": 0.0,
        "e31": 0.0,
        "e32": 0.0,
        "e33": 1.0
    },
    "screenResolution": {
        "x": 1920,
        "y": 1440
    },
    "fieldOfView": 45.553794860839847,
    "aspectRatio": 1.431654691696167,
    "nearClipPlane": 0.10000000149011612,
    "farClipPlane": 20.0,
    "isOrthographic": false,
    "depth": 0.0,
    "clearFlags": 4,
    "cullingMask": -1,
    "viewportRect": {
        "serializedVersion": "2",
        "x": 0.0,
        "y": 0.0,
        "width": 1.0,
        "height": 1.0
    }
}