{
    "intrinsicMatrix": {
        "e00": 1596.9842529296875,
        "e01": 0.0,
        "e02": 957.827880859375,
        "e03": 0.0,
        "e10": 0.0,
        "e11": 1596.9842529296875,
        "e12": 721.4655151367188,
        "e13": 0.0,
        "e20": 0.0,
        "e21": 0.0,
        "e22": 1.0,
        "e23": 0.0,
        "e30": 0.0,
        "e31": 0.0,
        "e32": 0.0,
        "e33": 1.0
    },
    "projectionMatrix": {
        "e00": 1.6635252237319947,
        "e01": 0.0,
        "e02": 0.0017418265342712403,
        "e03": 0.0,
        "e10": 0.0,
        "e11": 2.381593704223633,
        "e12": 0.0029311776161193849,
        "e13": 0.0,
        "e20": 0.0,
        "e21": 0.0,
        "e22": -1.0100502967834473,
        "e23": -0.2010050266981125,
        "e30": 0.0,
        "e31": 0.0,
        "e32": -1.0,
        "e33": 0.0
    },
    "focalLengthX": 1596.9842529296875,
    "focalLengthY": 1596.9842529296875,
    "principalPointX": 957.827880859375,
    "principalPointY": 721.4655151367188,
    "position": {
        "x": 1.787855625152588,
        "y": 0.19866478443145753,
        "z": 0.5970206260681152
    },
    "rotation": {
        "x": -0.32454824447631838,
        "y": 0.4641830027103424,
        "z": -0.17453376948833466,
        "w": -0.8054443001747131
    },
    "scale": {
        "x": 1.0,
        "y": 1.0,
        "z": 1.0
    },
    "viewMatrix": {
        "e00": 0.508144199848175,
        "e01": -0.020145118236541749,
        "e02": 0.8610363602638245,
        "e03": -1.418542742729187,
        "e10": -0.5824540257453919,
        "e11": 0.7284128069877625,
        "e12": 0.3607798218727112,
        "e13": 0.6812407374382019,
        "e20": 0.6344578862190247,
        "e21": 0.6848422884941101,
        "e22": -0.3584051728248596,
        "e23": -1.056397795677185,
        "e30": 0.0,
        "e31": 0.0,
        "e32": 0.0,
        "e33": 1.0
    },
    "screenResolution": {
        "x": 1920,
        "y": 1440
    },
    "fieldOfView": 45.553794860839847,
    "aspectRatio": 1.431654691696167,
    "nearClipPlane": 0.10000000149011612,
    "farClipPlane": 20.0,
    "isOrthographic": false,
    "depth": 0.0,
    "clearFlags": 4,
    "cullingMask": -1,
    "viewportRect": {
        "serializedVersion": "2",
        "x": 0.0,
        "y": 0.0,
        "width": 1.0,
        "height": 1.0
    }
}