{
    "intrinsicMatrix": {
        "e00": 1595.6285400390625,
        "e01": 0.0,
        "e02": 957.7694091796875,
        "e03": 0.0,
        "e10": 0.0,
        "e11": 1595.6285400390625,
        "e12": 721.6934814453125,
        "e13": 0.0,
        "e20": 0.0,
        "e21": 0.0,
        "e22": 1.0,
        "e23": 0.0,
        "e30": 0.0,
        "e31": 0.0,
        "e32": 0.0,
        "e33": 1.0
    },
    "projectionMatrix": {
        "e00": 1.662113070487976,
        "e01": 0.0,
        "e02": 0.0018027424812316895,
        "e03": 0.0,
        "e10": 0.0,
        "e11": 2.3795719146728517,
        "e12": 0.003271162509918213,
        "e13": 0.0,
        "e20": 0.0,
        "e21": 0.0,
        "e22": -1.0100502967834473,
        "e23": -0.2010050266981125,
        "e30": 0.0,
        "e31": 0.0,
        "e32": -1.0,
        "e33": 0.0
    },
    "focalLengthX": 1595.6285400390625,
    "focalLengthY": 1595.6285400390625,
    "principalPointX": 957.7694091796875,
    "principalPointY": 721.6934814453125,
    "position": {
        "x": 1.7733821868896485,
        "y": 0.1324697732925415,
        "z": 0.6990132927894592
    },
    "rotation": {
        "x": -0.4263157844543457,
        "y": 0.3638511598110199,
        "z": -0.19116932153701783,
        "w": -0.8058049082756043
    },
    "scale": {
        "x": 1.0,
        "y": 1.0,
        "z": 1.0
    },
    "viewMatrix": {
        "e00": 0.6621332168579102,
        "e01": -0.002140611410140991,
        "e02": 0.7493830919265747,
        "e03": -1.6977603435516358,
        "e10": -0.6183212995529175,
        "e11": 0.5634182691574097,
        "e12": 0.5479403138160706,
        "e13": 0.6388664841651917,
        "e20": 0.4233890771865845,
        "e21": 0.8261690735816956,
        "e22": -0.3717343807220459,
        "e23": -0.6004257798194885,
        "e30": 0.0,
        "e31": 0.0,
        "e32": 0.0,
        "e33": 1.0
    },
    "screenResolution": {
        "x": 1920,
        "y": 1440
    },
    "fieldOfView": 45.58854293823242,
    "aspectRatio": 1.431654691696167,
    "nearClipPlane": 0.10000000149011612,
    "farClipPlane": 20.0,
    "isOrthographic": false,
    "depth": 0.0,
    "clearFlags": 4,
    "cullingMask": -1,
    "viewportRect": {
        "serializedVersion": "2",
        "x": 0.0,
        "y": 0.0,
        "width": 1.0,
        "height": 1.0
    }
}