{
    "intrinsicMatrix": {
        "e00": 1596.0804443359375,
        "e01": 0.0,
        "e02": 957.7412719726563,
        "e03": 0.0,
        "e10": 0.0,
        "e11": 1596.0804443359375,
        "e12": 721.7288208007813,
        "e13": 0.0,
        "e20": 0.0,
        "e21": 0.0,
        "e22": 1.0,
        "e23": 0.0,
        "e30": 0.0,
        "e31": 0.0,
        "e32": 0.0,
        "e33": 1.0
    },
    "projectionMatrix": {
        "e00": 1.6625837087631226,
        "e01": 0.0,
        "e02": 0.0018319487571716309,
        "e03": 0.0,
        "e10": 0.0,
        "e11": 2.3802456855773927,
        "e12": 0.003323853015899658,
        "e13": 0.0,
        "e20": 0.0,
        "e21": 0.0,
        "e22": -1.0100502967834473,
        "e23": -0.2010050266981125,
        "e30": 0.0,
        "e31": 0.0,
        "e32": -1.0,
        "e33": 0.0
    },
    "focalLengthX": 1596.0804443359375,
    "focalLengthY": 1596.0804443359375,
    "principalPointX": 957.7412719726563,
    "principalPointY": 721.7288208007813,
    "position": {
        "x": 1.775813102722168,
        "y": 0.13473477959632874,
        "z": 0.7160343527793884
    },
    "rotation": {
        "x": -0.4396853744983673,
        "y": 0.36903032660484316,
        "z": -0.19810020923614503,
        "w": -0.7945122718811035
    },
    "scale": {
        "x": 1.0,
        "y": 1.0,
        "z": 1.0
    },
    "viewMatrix": {
        "e00": 0.6491458415985107,
        "e01": -0.00972837209701538,
        "e02": 0.7606017589569092,
        "e03": -1.6960679292678834,
        "e10": -0.6393005847930908,
        "e11": 0.5348661541938782,
        "e12": 0.5524609088897705,
        "e13": 0.6676322817802429,
        "e20": 0.41219472885131838,
        "e21": 0.8448808193206787,
        "e22": -0.34098678827285769,
        "e23": -0.6016573905944824,
        "e30": 0.0,
        "e31": 0.0,
        "e32": 0.0,
        "e33": 1.0
    },
    "screenResolution": {
        "x": 1920,
        "y": 1440
    },
    "fieldOfView": 45.57695770263672,
    "aspectRatio": 1.431654691696167,
    "nearClipPlane": 0.10000000149011612,
    "farClipPlane": 20.0,
    "isOrthographic": false,
    "depth": 0.0,
    "clearFlags": 4,
    "cullingMask": -1,
    "viewportRect": {
        "serializedVersion": "2",
        "x": 0.0,
        "y": 0.0,
        "width": 1.0,
        "height": 1.0
    }
}