{
    "intrinsicMatrix": {
        "e00": 1598.7918701171875,
        "e01": 0.0,
        "e02": 957.8465576171875,
        "e03": 0.0,
        "e10": 0.0,
        "e11": 1598.7918701171875,
        "e12": 721.61328125,
        "e13": 0.0,
        "e20": 0.0,
        "e21": 0.0,
        "e22": 1.0,
        "e23": 0.0,
        "e30": 0.0,
        "e31": 0.0,
        "e32": 0.0,
        "e33": 1.0
    },
    "projectionMatrix": {
        "e00": 1.6654082536697388,
        "e01": 0.0,
        "e02": 0.0017223954200744629,
        "e03": 0.0,
        "e10": 0.0,
        "e11": 2.384289503097534,
        "e12": 0.0031515955924987795,
        "e13": 0.0,
        "e20": 0.0,
        "e21": 0.0,
        "e22": -1.0100502967834473,
        "e23": -0.2010050266981125,
        "e30": 0.0,
        "e31": 0.0,
        "e32": -1.0,
        "e33": 0.0
    },
    "focalLengthX": 1598.7918701171875,
    "focalLengthY": 1598.7918701171875,
    "principalPointX": 957.8465576171875,
    "principalPointY": 721.61328125,
    "position": {
        "x": 1.7606933116912842,
        "y": 0.15784311294555665,
        "z": 0.5886331796646118
    },
    "rotation": {
        "x": -0.3849552571773529,
        "y": 0.40404102206230166,
        "z": -0.2052941620349884,
        "w": -0.8039991855621338
    },
    "scale": {
        "x": 1.0,
        "y": 1.0,
        "z": 1.0
    },
    "viewMatrix": {
        "e00": 0.5892103314399719,
        "e01": 0.019037246704101564,
        "e02": 0.8077554702758789,
        "e03": -1.5158953666687012,
        "e10": -0.6411880850791931,
        "e11": 0.6193275451660156,
        "e12": 0.4531129002571106,
        "e13": 0.7644616961479187,
        "e20": 0.4916391670703888,
        "e21": 0.7849019169807434,
        "e22": -0.37712061405181887,
        "e23": -0.7675314545631409,
        "e30": 0.0,
        "e31": 0.0,
        "e32": 0.0,
        "e33": 1.0
    },
    "screenResolution": {
        "x": 1920,
        "y": 1440
    },
    "fieldOfView": 45.507537841796878,
    "aspectRatio": 1.431654691696167,
    "nearClipPlane": 0.10000000149011612,
    "farClipPlane": 20.0,
    "isOrthographic": false,
    "depth": 0.0,
    "clearFlags": 4,
    "cullingMask": -1,
    "viewportRect": {
        "serializedVersion": "2",
        "x": 0.0,
        "y": 0.0,
        "width": 1.0,
        "height": 1.0
    }
}