{
    "intrinsicMatrix": {
        "e00": 1597.8880615234375,
        "e01": 0.0,
        "e02": 957.644775390625,
        "e03": 0.0,
        "e10": 0.0,
        "e11": 1597.8880615234375,
        "e12": 721.7404174804688,
        "e13": 0.0,
        "e20": 0.0,
        "e21": 0.0,
        "e22": 1.0,
        "e23": 0.0,
        "e30": 0.0,
        "e31": 0.0,
        "e32": 0.0,
        "e33": 1.0
    },
    "projectionMatrix": {
        "e00": 1.6644667387008668,
        "e01": 0.0,
        "e02": 0.0019325613975524903,
        "e03": 0.0,
        "e10": 0.0,
        "e11": 2.382941484451294,
        "e12": 0.0033411383628845217,
        "e13": 0.0,
        "e20": 0.0,
        "e21": 0.0,
        "e22": -1.0100502967834473,
        "e23": -0.2010050266981125,
        "e30": 0.0,
        "e31": 0.0,
        "e32": -1.0,
        "e33": 0.0
    },
    "focalLengthX": 1597.8880615234375,
    "focalLengthY": 1597.8880615234375,
    "principalPointX": 957.644775390625,
    "principalPointY": 721.7404174804688,
    "position": {
        "x": 1.2485733032226563,
        "y": 0.1520354449748993,
        "z": 0.6626037955284119
    },
    "rotation": {
        "x": -0.45111560821533205,
        "y": 0.37672916054725649,
        "z": -0.187015563249588,
        "w": -0.7871435880661011
    },
    "scale": {
        "x": 1.0,
        "y": 1.0,
        "z": 1.0
    },
    "viewMatrix": {
        "e00": 0.6462006568908691,
        "e01": -0.04548060894012451,
        "e02": 0.7618111371994019,
        "e03": -1.3046932220458985,
        "e10": -0.6343129873275757,
        "e11": 0.5230397582054138,
        "e12": 0.5692771077156067,
        "e13": 0.3352605402469635,
        "e20": 0.4243485927581787,
        "e21": 0.8510939478874207,
        "e22": -0.3091397285461426,
        "e23": -0.45438963174819949,
        "e30": 0.0,
        "e31": 0.0,
        "e32": 0.0,
        "e33": 1.0
    },
    "screenResolution": {
        "x": 1920,
        "y": 1440
    },
    "fieldOfView": 45.53065872192383,
    "aspectRatio": 1.431654691696167,
    "nearClipPlane": 0.10000000149011612,
    "farClipPlane": 20.0,
    "isOrthographic": false,
    "depth": 0.0,
    "clearFlags": 4,
    "cullingMask": -1,
    "viewportRect": {
        "serializedVersion": "2",
        "x": 0.0,
        "y": 0.0,
        "width": 1.0,
        "height": 1.0
    }
}