{
    "intrinsicMatrix": {
        "e00": 1597.8880615234375,
        "e01": 0.0,
        "e02": 957.6153564453125,
        "e03": 0.0,
        "e10": 0.0,
        "e11": 1597.8880615234375,
        "e12": 721.6781005859375,
        "e13": 0.0,
        "e20": 0.0,
        "e21": 0.0,
        "e22": 1.0,
        "e23": 0.0,
        "e30": 0.0,
        "e31": 0.0,
        "e32": 0.0,
        "e33": 1.0
    },
    "projectionMatrix": {
        "e00": 1.6644667387008668,
        "e01": 0.0,
        "e02": 0.0019631385803222658,
        "e03": 0.0,
        "e10": 0.0,
        "e11": 2.382941484451294,
        "e12": 0.003248155117034912,
        "e13": 0.0,
        "e20": 0.0,
        "e21": 0.0,
        "e22": -1.0100502967834473,
        "e23": -0.2010050266981125,
        "e30": 0.0,
        "e31": 0.0,
        "e32": -1.0,
        "e33": 0.0
    },
    "focalLengthX": 1597.8880615234375,
    "focalLengthY": 1597.8880615234375,
    "principalPointX": 957.6153564453125,
    "principalPointY": 721.6781005859375,
    "position": {
        "x": 1.265981674194336,
        "y": 0.18069998919963838,
        "z": 0.6742041707038879
    },
    "rotation": {
        "x": -0.4421607255935669,
        "y": 0.34115350246429446,
        "z": -0.14592930674552918,
        "w": -0.8165860772132874
    },
    "scale": {
        "x": 1.0,
        "y": 1.0,
        "z": 1.0
    },
    "viewMatrix": {
        "e00": 0.7246378660202026,
        "e01": -0.06336167454719544,
        "e02": 0.6862108111381531,
        "e03": -1.3685749769210816,
        "e10": -0.5400170087814331,
        "e11": 0.5663970708847046,
        "e12": 0.6225559711456299,
        "e13": 0.16157382726669312,
        "e20": 0.42811399698257449,
        "e21": 0.8216931819915772,
        "e22": -0.3762163519859314,
        "e23": -0.43681782484054568,
        "e30": 0.0,
        "e31": 0.0,
        "e32": 0.0,
        "e33": 1.0
    },
    "screenResolution": {
        "x": 1920,
        "y": 1440
    },
    "fieldOfView": 45.53065872192383,
    "aspectRatio": 1.431654691696167,
    "nearClipPlane": 0.10000000149011612,
    "farClipPlane": 20.0,
    "isOrthographic": false,
    "depth": 0.0,
    "clearFlags": 4,
    "cullingMask": -1,
    "viewportRect": {
        "serializedVersion": "2",
        "x": 0.0,
        "y": 0.0,
        "width": 1.0,
        "height": 1.0
    }
}