{
    "intrinsicMatrix": {
        "e00": 1598.3399658203125,
        "e01": 0.0,
        "e02": 957.76708984375,
        "e03": 0.0,
        "e10": 0.0,
        "e11": 1598.3399658203125,
        "e12": 721.6578979492188,
        "e13": 0.0,
        "e20": 0.0,
        "e21": 0.0,
        "e22": 1.0,
        "e23": 0.0,
        "e30": 0.0,
        "e31": 0.0,
        "e32": 0.0,
        "e33": 1.0
    },
    "projectionMatrix": {
        "e00": 1.6649374961853028,
        "e01": 0.0,
        "e02": 0.0018050670623779297,
        "e03": 0.0,
        "e10": 0.0,
        "e11": 2.383615493774414,
        "e12": 0.0032181143760681154,
        "e13": 0.0,
        "e20": 0.0,
        "e21": 0.0,
        "e22": -1.0100502967834473,
        "e23": -0.2010050266981125,
        "e30": 0.0,
        "e31": 0.0,
        "e32": -1.0,
        "e33": 0.0
    },
    "focalLengthX": 1598.3399658203125,
    "focalLengthY": 1598.3399658203125,
    "principalPointX": 957.76708984375,
    "principalPointY": 721.6578979492188,
    "position": {
        "x": -0.21188083291053773,
        "y": 0.0818910151720047,
        "z": 0.2696068286895752
    },
    "rotation": {
        "x": -0.44074907898902895,
        "y": 0.2297537475824356,
        "z": -0.11202436685562134,
        "w": -0.8604673743247986
    },
    "scale": {
        "x": 1.0,
        "y": 1.0,
        "z": 1.0
    },
    "viewMatrix": {
        "e00": 0.8693275451660156,
        "e01": -0.009740889072418213,
        "e02": 0.49414047598838808,
        "e03": 0.05176788568496704,
        "e10": -0.39531412720680239,
        "e11": 0.5863815546035767,
        "e12": 0.707024335861206,
        "e13": -0.32239747047424319,
        "e20": 0.29664191603660586,
        "e21": 0.8099764585494995,
        "e22": -0.5059069395065308,
        "e23": 0.13291889429092408,
        "e30": 0.0,
        "e31": 0.0,
        "e32": 0.0,
        "e33": 1.0
    },
    "screenResolution": {
        "x": 1920,
        "y": 1440
    },
    "fieldOfView": 45.51909637451172,
    "aspectRatio": 1.431654691696167,
    "nearClipPlane": 0.10000000149011612,
    "farClipPlane": 20.0,
    "isOrthographic": false,
    "depth": 0.0,
    "clearFlags": 4,
    "cullingMask": -1,
    "viewportRect": {
        "serializedVersion": "2",
        "x": 0.0,
        "y": 0.0,
        "width": 1.0,
        "height": 1.0
    }
}