{
    "intrinsicMatrix": {
        "e00": 1598.3399658203125,
        "e01": 0.0,
        "e02": 957.732421875,
        "e03": 0.0,
        "e10": 0.0,
        "e11": 1598.3399658203125,
        "e12": 721.7174072265625,
        "e13": 0.0,
        "e20": 0.0,
        "e21": 0.0,
        "e22": 1.0,
        "e23": 0.0,
        "e30": 0.0,
        "e31": 0.0,
        "e32": 0.0,
        "e33": 1.0
    },
    "projectionMatrix": {
        "e00": 1.6649374961853028,
        "e01": 0.0,
        "e02": 0.0018413066864013672,
        "e03": 0.0,
        "e10": 0.0,
        "e11": 2.383615493774414,
        "e12": 0.0033068060874938967,
        "e13": 0.0,
        "e20": 0.0,
        "e21": 0.0,
        "e22": -1.0100502967834473,
        "e23": -0.2010050266981125,
        "e30": 0.0,
        "e31": 0.0,
        "e32": -1.0,
        "e33": 0.0
    },
    "focalLengthX": 1598.3399658203125,
    "focalLengthY": 1598.3399658203125,
    "principalPointX": 957.732421875,
    "principalPointY": 721.7174072265625,
    "position": {
        "x": -0.1893911361694336,
        "y": 0.09113071858882904,
        "z": 0.2865303158760071
    },
    "rotation": {
        "x": -0.4664556682109833,
        "y": 0.20909880101680757,
        "z": -0.10630960762500763,
        "w": -0.8528746366500855
    },
    "scale": {
        "x": 1.0,
        "y": 1.0,
        "z": 1.0
    },
    "viewMatrix": {
        "e00": 0.8899519443511963,
        "e01": -0.01373310387134552,
        "e02": 0.4558475613594055,
        "e03": 0.039186373353004459,
        "e10": -0.3764081597328186,
        "e11": 0.5422347784042358,
        "e12": 0.7511979937553406,
        "e13": -0.3359436094760895,
        "e20": 0.25749272108078005,
        "e21": 0.8401148915290833,
        "e22": -0.47739362716674807,
        "e23": 0.10899430513381958,
        "e30": 0.0,
        "e31": 0.0,
        "e32": 0.0,
        "e33": 1.0
    },
    "screenResolution": {
        "x": 1920,
        "y": 1440
    },
    "fieldOfView": 45.51909637451172,
    "aspectRatio": 1.431654691696167,
    "nearClipPlane": 0.10000000149011612,
    "farClipPlane": 20.0,
    "isOrthographic": false,
    "depth": 0.0,
    "clearFlags": 4,
    "cullingMask": -1,
    "viewportRect": {
        "serializedVersion": "2",
        "x": 0.0,
        "y": 0.0,
        "width": 1.0,
        "height": 1.0
    }
}