{
    "intrinsicMatrix": {
        "e00": 1602.8590087890625,
        "e01": 0.0,
        "e02": 958.091064453125,
        "e03": 0.0,
        "e10": 0.0,
        "e11": 1602.8590087890625,
        "e12": 721.1103515625,
        "e13": 0.0,
        "e20": 0.0,
        "e21": 0.0,
        "e22": 1.0,
        "e23": 0.0,
        "e30": 0.0,
        "e31": 0.0,
        "e32": 0.0,
        "e33": 1.0
    },
    "projectionMatrix": {
        "e00": 1.669644832611084,
        "e01": 0.0,
        "e02": 0.001467585563659668,
        "e03": 0.0,
        "e10": 0.0,
        "e11": 2.390354871749878,
        "e12": 0.0024015307426452638,
        "e13": 0.0,
        "e20": 0.0,
        "e21": 0.0,
        "e22": -1.0100502967834473,
        "e23": -0.2010050266981125,
        "e30": 0.0,
        "e31": 0.0,
        "e32": -1.0,
        "e33": 0.0
    },
    "focalLengthX": 1602.8590087890625,
    "focalLengthY": 1602.8590087890625,
    "principalPointX": 958.091064453125,
    "principalPointY": 721.1103515625,
    "position": {
        "x": -0.1280684918165207,
        "y": 0.36701875925064089,
        "z": 0.6232014298439026
    },
    "rotation": {
        "x": -0.05695671960711479,
        "y": 0.11595350503921509,
        "z": 0.010903005488216877,
        "w": -0.9915603399276733
    },
    "scale": {
        "x": 1.0,
        "y": 1.0,
        "z": 1.0
    },
    "viewMatrix": {
        "e00": 0.9728718400001526,
        "e01": -0.03483063727617264,
        "e02": 0.22870779037475587,
        "e03": -0.005153298377990723,
        "e10": 0.008413313888013363,
        "e11": 0.9932740926742554,
        "e12": 0.11548052728176117,
        "e13": -0.43544039130210879,
        "e20": 0.23119178414344788,
        "e21": 0.11042356491088867,
        "e22": -0.966621458530426,
        "e23": 0.5914807319641113,
        "e30": 0.0,
        "e31": 0.0,
        "e32": 0.0,
        "e33": 1.0
    },
    "screenResolution": {
        "x": 1920,
        "y": 1440
    },
    "fieldOfView": 45.40379333496094,
    "aspectRatio": 1.431654691696167,
    "nearClipPlane": 0.10000000149011612,
    "farClipPlane": 20.0,
    "isOrthographic": false,
    "depth": 0.0,
    "clearFlags": 4,
    "cullingMask": -1,
    "viewportRect": {
        "serializedVersion": "2",
        "x": 0.0,
        "y": 0.0,
        "width": 1.0,
        "height": 1.0
    }
}