{
    "intrinsicMatrix": {
        "e00": 1603.3109130859375,
        "e01": 0.0,
        "e02": 958.1033935546875,
        "e03": 0.0,
        "e10": 0.0,
        "e11": 1603.3109130859375,
        "e12": 721.1124267578125,
        "e13": 0.0,
        "e20": 0.0,
        "e21": 0.0,
        "e22": 1.0,
        "e23": 0.0,
        "e30": 0.0,
        "e31": 0.0,
        "e32": 0.0,
        "e33": 1.0
    },
    "projectionMatrix": {
        "e00": 1.6701154708862305,
        "e01": 0.0,
        "e02": 0.0014548301696777344,
        "e03": 0.0,
        "e10": 0.0,
        "e11": 2.391028642654419,
        "e12": 0.0024045705795288088,
        "e13": 0.0,
        "e20": 0.0,
        "e21": 0.0,
        "e22": -1.0100502967834473,
        "e23": -0.2010050266981125,
        "e30": 0.0,
        "e31": 0.0,
        "e32": -1.0,
        "e33": 0.0
    },
    "focalLengthX": 1603.3109130859375,
    "focalLengthY": 1603.3109130859375,
    "principalPointX": 958.1033935546875,
    "principalPointY": 721.1124267578125,
    "position": {
        "x": -0.13243038952350617,
        "y": 0.36167988181114199,
        "z": 0.6197522282600403
    },
    "rotation": {
        "x": -0.05899182707071304,
        "y": 0.09980326890945435,
        "z": 0.007191203534603119,
        "w": -0.9932308793067932
    },
    "scale": {
        "x": 1.0,
        "y": 1.0,
        "z": 1.0
    },
    "viewMatrix": {
        "e00": 0.979975163936615,
        "e01": -0.026060204952955247,
        "e02": 0.19740693271160127,
        "e03": 0.016860559582710267,
        "e10": 0.002509896643459797,
        "e11": 0.9929364919662476,
        "e12": 0.11862042546272278,
        "e13": -0.43230804800987246,
        "e20": 0.19910381734371186,
        "e21": 0.11574959754943848,
        "e22": -0.9731185436248779,
        "e23": 0.5875954627990723,
        "e30": 0.0,
        "e31": 0.0,
        "e32": 0.0,
        "e33": 1.0
    },
    "screenResolution": {
        "x": 1920,
        "y": 1440
    },
    "fieldOfView": 45.39229202270508,
    "aspectRatio": 1.431654691696167,
    "nearClipPlane": 0.10000000149011612,
    "farClipPlane": 20.0,
    "isOrthographic": false,
    "depth": 0.0,
    "clearFlags": 4,
    "cullingMask": -1,
    "viewportRect": {
        "serializedVersion": "2",
        "x": 0.0,
        "y": 0.0,
        "width": 1.0,
        "height": 1.0
    }
}