{
    "intrinsicMatrix": {
        "e00": 1605.1185302734375,
        "e01": 0.0,
        "e02": 957.8892822265625,
        "e03": 0.0,
        "e10": 0.0,
        "e11": 1605.1185302734375,
        "e12": 721.6029663085938,
        "e13": 0.0,
        "e20": 0.0,
        "e21": 0.0,
        "e22": 1.0,
        "e23": 0.0,
        "e30": 0.0,
        "e31": 0.0,
        "e32": 0.0,
        "e33": 1.0
    },
    "projectionMatrix": {
        "e00": 1.6719985008239747,
        "e01": 0.0,
        "e02": 0.0016778111457824708,
        "e03": 0.0,
        "e10": 0.0,
        "e11": 2.3937244415283205,
        "e12": 0.003136157989501953,
        "e13": 0.0,
        "e20": 0.0,
        "e21": 0.0,
        "e22": -1.0100502967834473,
        "e23": -0.2010050266981125,
        "e30": 0.0,
        "e31": 0.0,
        "e32": -1.0,
        "e33": 0.0
    },
    "focalLengthX": 1605.1185302734375,
    "focalLengthY": 1605.1185302734375,
    "principalPointX": 957.8892822265625,
    "principalPointY": 721.6029663085938,
    "position": {
        "x": 0.7926408648490906,
        "y": 0.16220705211162568,
        "z": 0.835398256778717
    },
    "rotation": {
        "x": -0.3856852054595947,
        "y": 0.3624264895915985,
        "z": -0.1886996477842331,
        "w": -0.8272160887718201
    },
    "scale": {
        "x": 1.0,
        "y": 1.0,
        "z": 1.0
    },
    "viewMatrix": {
        "e00": 0.6660789251327515,
        "e01": 0.0326257050037384,
        "e02": 0.7451673746109009,
        "e03": -1.1557650566101075,
        "e10": -0.5917558670043945,
        "e11": 0.6312787532806397,
        "e12": 0.5013105273246765,
        "e13": -0.05214196443557739,
        "e20": 0.4540526866912842,
        "e21": 0.7748695015907288,
        "e22": -0.43978792428970339,
        "e23": -0.11819195747375488,
        "e30": 0.0,
        "e31": 0.0,
        "e32": 0.0,
        "e33": 1.0
    },
    "screenResolution": {
        "x": 1920,
        "y": 1440
    },
    "fieldOfView": 45.34634780883789,
    "aspectRatio": 1.431654691696167,
    "nearClipPlane": 0.10000000149011612,
    "farClipPlane": 20.0,
    "isOrthographic": false,
    "depth": 0.0,
    "clearFlags": 4,
    "cullingMask": -1,
    "viewportRect": {
        "serializedVersion": "2",
        "x": 0.0,
        "y": 0.0,
        "width": 1.0,
        "height": 1.0
    }
}