{
    "intrinsicMatrix": {
        "e00": 1604.2147216796875,
        "e01": 0.0,
        "e02": 957.5789794921875,
        "e03": 0.0,
        "e10": 0.0,
        "e11": 1604.2147216796875,
        "e12": 721.9028930664063,
        "e13": 0.0,
        "e20": 0.0,
        "e21": 0.0,
        "e22": 1.0,
        "e23": 0.0,
        "e30": 0.0,
        "e31": 0.0,
        "e32": 0.0,
        "e33": 1.0
    },
    "projectionMatrix": {
        "e00": 1.6710569858551026,
        "e01": 0.0,
        "e02": 0.002001047134399414,
        "e03": 0.0,
        "e10": 0.0,
        "e11": 2.392376661300659,
        "e12": 0.0035834312438964845,
        "e13": 0.0,
        "e20": 0.0,
        "e21": 0.0,
        "e22": -1.0100502967834473,
        "e23": -0.2010050266981125,
        "e30": 0.0,
        "e31": 0.0,
        "e32": -1.0,
        "e33": 0.0
    },
    "focalLengthX": 1604.2147216796875,
    "focalLengthY": 1604.2147216796875,
    "principalPointX": 957.5789794921875,
    "principalPointY": 721.9028930664063,
    "position": {
        "x": 0.9179214835166931,
        "y": 0.07573418319225311,
        "z": 0.9062932133674622
    },
    "rotation": {
        "x": -0.5465787649154663,
        "y": 0.13071191310882569,
        "z": -0.05269826576113701,
        "w": -0.8254628777503967
    },
    "scale": {
        "x": 1.0,
        "y": 1.0,
        "z": 1.0
    },
    "viewMatrix": {
        "e00": 0.9602745771408081,
        "e01": -0.05588778853416443,
        "e02": 0.2734031677246094,
        "e03": -1.1250075101852418,
        "e10": -0.2298896312713623,
        "e11": 0.3969491124153137,
        "e12": 0.8885843753814697,
        "e13": -0.6243599653244019,
        "e20": 0.15818816423416139,
        "e21": 0.9161375761032105,
        "e22": -0.3683320879936218,
        "e23": 0.11922962963581085,
        "e30": 0.0,
        "e31": 0.0,
        "e32": 0.0,
        "e33": 1.0
    },
    "screenResolution": {
        "x": 1920,
        "y": 1440
    },
    "fieldOfView": 45.36930847167969,
    "aspectRatio": 1.431654691696167,
    "nearClipPlane": 0.10000000149011612,
    "farClipPlane": 20.0,
    "isOrthographic": false,
    "depth": 0.0,
    "clearFlags": 4,
    "cullingMask": -1,
    "viewportRect": {
        "serializedVersion": "2",
        "x": 0.0,
        "y": 0.0,
        "width": 1.0,
        "height": 1.0
    }
}